{
  "Qwen3-0.6B": {
    "best_layer": 27,
    "alpha": 10.0,
    "r2_lat": 0.5278301073798446,
    "r2_lon": 0.666591604843186,
    "null_p95": -0.14779126379930782,
    "rsa_r": 0.26112580567779703,
    "size": 0.6,
    "family": "Qwen"
  },
  "Llama-3.2-1B": {
    "best_layer": 16,
    "alpha": 10.0,
    "r2_lat": 0.5978831500951023,
    "r2_lon": 0.6137242496068467,
    "null_p95": -0.03619094371117163,
    "rsa_r": 0.26952901170939364,
    "size": 1.0,
    "family": "Llama"
  },
  "Qwen3-1.7B": {
    "best_layer": 28,
    "alpha": 10.0,
    "r2_lat": 0.6223654702165482,
    "r2_lon": 0.6555115000516802,
    "null_p95": -0.10419652319937919,
    "rsa_r": 0.11464201947821656,
    "size": 1.7,
    "family": "Qwen"
  },
  "Llama-3.2-3B": {
    "best_layer": 28,
    "alpha": 10.0,
    "r2_lat": 0.5384172829535203,
    "r2_lon": 0.46408923380799894,
    "null_p95": 0.02646963742178723,
    "rsa_r": 0.16168129973228795,
    "size": 3.0,
    "family": "Llama"
  },
  "Phi-3.5-mini": {
    "best_layer": 32,
    "alpha": 10.0,
    "r2_lat": 0.659922836578065,
    "r2_lon": 0.6064843759326584,
    "null_p95": -0.02831111211349038,
    "rsa_r": 0.1997234332341568,
    "size": 3.8,
    "family": "Phi"
  },
  "Qwen3-4B": {
    "best_layer": 32,
    "alpha": 10.0,
    "r2_lat": 0.524986728761667,
    "r2_lon": 0.5823497433637943,
    "null_p95": -0.02881657395296548,
    "rsa_r": 0.22663432037887188,
    "size": 4.0,
    "family": "Qwen"
  },
  "Qwen3-8B": {
    "best_layer": 32,
    "alpha": 10.0,
    "r2_lat": 0.5048753282438708,
    "r2_lon": 0.49365441866899096,
    "null_p95": -0.016208414072203862,
    "rsa_r": 0.20329335683305755,
    "size": 8.0,
    "family": "Qwen"
  },
  "Ministral-8B": {
    "best_layer": 36,
    "alpha": 10.0,
    "r2_lat": 0.5278544071923347,
    "r2_lon": 0.591875167367072,
    "null_p95": -0.06804419132025329,
    "rsa_r": 0.16641226441831472,
    "size": 8.0,
    "family": "Mistral"
  },
  "Llama-3.1-8B": {
    "best_layer": 32,
    "alpha": 10.0,
    "r2_lat": 0.4640660540263717,
    "r2_lon": 0.6415229326693367,
    "null_p95": -0.03218373285855515,
    "rsa_r": 0.2109257000651338,
    "size": 8.0,
    "family": "Llama"
  },
  "phi-4": {
    "best_layer": 40,
    "alpha": 10.0,
    "r2_lat": 0.60689337429301,
    "r2_lon": 0.6139607739551484,
    "null_p95": -0.052312272954977174,
    "rsa_r": 0.1682566594824793,
    "size": 14.0,
    "family": "Phi"
  },
  "Qwen3-14B": {
    "best_layer": 39,
    "alpha": 10.0,
    "r2_lat": 0.517886262192129,
    "r2_lon": 0.6061391597731318,
    "null_p95": -0.018294511869285178,
    "rsa_r": 0.272729500772921,
    "size": 14.0,
    "family": "Qwen"
  },
  "Mistral-Small-24B": {
    "best_layer": 40,
    "alpha": 10.0,
    "r2_lat": 0.5484288882309185,
    "r2_lon": 0.666528737244289,
    "null_p95": -0.0523556170667768,
    "rsa_r": 0.1933879826542672,
    "size": 24.0,
    "family": "Mistral",
    "precision": "bf16"
  },
  "Qwen3-32B": {
    "best_layer": 24,
    "alpha": 10.0,
    "r2_lat": 0.5274858950390837,
    "r2_lon": 0.432972544604987,
    "null_p95": 0.028149351429806017,
    "rsa_r": 0.2900970310209714,
    "size": 32.0,
    "family": "Qwen",
    "precision": "bf16"
  },
  "Qwen3-32B-8bit": {
    "best_layer": 24,
    "alpha": 10.0,
    "r2_lat": 0.5134926107076481,
    "r2_lon": 0.40817287535665536,
    "null_p95": 0.03651659198181349,
    "rsa_r": 0.281648847239404,
    "size": 32.0,
    "family": "Qwen",
    "precision": "8bit"
  },
  "Qwen2.5-72B": {
    "best_layer": 18,
    "alpha": 10.0,
    "r2_lat": 0.5823587612406061,
    "r2_lon": 0.448416472937452,
    "null_p95": -0.02334451143833492,
    "rsa_r": 0.22660036667478145,
    "size": 72.0,
    "family": "Qwen",
    "precision": "4bit"
  },
  "Gemma-2-9B": {
    "best_layer": 10,
    "alpha": 10.0,
    "r2_lat": 0.5999673397000969,
    "r2_lon": 0.4666638370130688,
    "null_p95": -0.0222797409760144,
    "rsa_r": 0.3032741150442668,
    "size": 9.0,
    "family": "Gemma"
  },
  "Gemma-2-27B": {
    "best_layer": 46,
    "alpha": 10.0,
    "r2_lat": 0.591022318008704,
    "r2_lon": 0.678691147163531,
    "null_p95": -0.03926772495926953,
    "rsa_r": 0.16291855511950382,
    "size": 27.0,
    "family": "Gemma"
  },
  "Llama-3.1-70B": {
    "best_layer": 80,
    "alpha": 10.0,
    "r2_lat": 0.5588455933031488,
    "r2_lon": 0.6726483279266053,
    "null_p95": -0.10152716281205304,
    "rsa_r": 0.26745671468534593,
    "size": 70.0,
    "family": "Llama"
  }
}