{
  "Qwen3-0.6B": {
    "zh_sel": 0.30739432109064524,
    "zh_ci": [
      0.14458723564942677,
      0.4927437747518222
    ],
    "en_sel": 0.7157323178185357,
    "en_ci": [
      0.40209819227457044,
      1.009403929114342
    ],
    "zh_sig": true,
    "en_sig": true,
    "size": 0.6,
    "family": "Qwen"
  },
  "Qwen3-1.7B": {
    "zh_sel": 0.6207612511449391,
    "zh_ci": [
      0.4553233082095782,
      0.7916803970932962
    ],
    "en_sel": 0.3637463989787632,
    "en_ci": [
      0.10944014340639112,
      0.6100984488924346
    ],
    "zh_sig": true,
    "en_sig": true,
    "size": 1.7,
    "family": "Qwen"
  },
  "Qwen3-4B": {
    "zh_sel": 0.3622001347343127,
    "zh_ci": [
      -0.020134177307287827,
      0.7258150766293208
    ],
    "en_sel": 0.34878251475758026,
    "en_ci": [
      0.19720370372136437,
      0.5163936217625936
    ],
    "zh_sig": false,
    "en_sig": true,
    "size": 4.0,
    "family": "Qwen"
  },
  "Qwen3-8B": {
    "zh_sel": 0.6754517207874192,
    "zh_ci": [
      0.3590064433713754,
      1.0102788778642813
    ],
    "en_sel": -0.04896694038642778,
    "en_ci": [
      -0.2841535923381647,
      0.204658404737711
    ],
    "zh_sig": true,
    "en_sig": false,
    "size": 8.0,
    "family": "Qwen"
  },
  "Qwen3-14B": {
    "zh_sel": -0.33724297491709393,
    "zh_ci": [
      -1.0683735743165017,
      0.3772552708784742
    ],
    "en_sel": 0.21300004643532963,
    "en_ci": [
      0.0906608156859875,
      0.34373613670468334
    ],
    "zh_sig": false,
    "en_sig": true,
    "size": 14.0,
    "family": "Qwen"
  },
  "Llama-3.1-8B": {
    "zh_sel": 1.1080235063632329,
    "zh_ci": [
      0.890721945464611,
      1.3482295428713165
    ],
    "en_sel": 0.7468204547895326,
    "en_ci": [
      0.5256627360979715,
      0.9814015184839567
    ],
    "zh_sig": true,
    "en_sig": true,
    "size": 8.0,
    "family": "Llama"
  },
  "Ministral-8B": {
    "zh_sel": 0.2893056594861878,
    "zh_ci": [
      0.1310164635380109,
      0.45657235582669586
    ],
    "en_sel": 0.4765836405621635,
    "en_ci": [
      0.2586947292089462,
      0.6640418221553168
    ],
    "zh_sig": true,
    "en_sig": true,
    "size": 8.0,
    "family": "Mistral"
  },
  "Phi-3.5-mini": {
    "zh_sel": 1.2790239499045744,
    "zh_ci": [
      0.8781606458127498,
      1.6391823897759126
    ],
    "en_sel": -2.7204500648876033,
    "en_ci": [
      -4.823185643553733,
      -0.6388445511460296
    ],
    "zh_sig": true,
    "en_sig": false,
    "size": 3.8,
    "family": "Phi"
  },
  "phi-4": {
    "zh_sel": 0.29274984425637457,
    "zh_ci": [
      0.04682912081480023,
      0.5246117755770684
    ],
    "en_sel": 0.15245676683717302,
    "en_ci": [
      0.012847733000914255,
      0.2905254160364469
    ],
    "zh_sig": true,
    "en_sig": true,
    "size": 14.0,
    "family": "Phi"
  }
}