{
  "Qwen3-0.6B": {
    "zh_sel": 3.2904528172943324,
    "zh_ci": [
      2.0547469342748323,
      4.587415281434855
    ],
    "en_sel": 0.6705708271529939,
    "en_ci": [
      0.4728827213247618,
      0.8729559535781544
    ],
    "zh_sig": true,
    "en_sig": true,
    "K": 172,
    "n_test": 12,
    "size": 0.6,
    "family": "Qwen",
    "interaction": 3.961023644447326,
    "inter_ci": [
      2.678987417592566,
      5.243059871302086
    ],
    "inter_sig": true
  },
  "Qwen3-1.7B": {
    "zh_sel": 2.846925764977932,
    "zh_ci": [
      2.1361773158113158,
      3.6201458583275476
    ],
    "en_sel": 0.021820574939250947,
    "en_ci": [
      -0.29494011104106904,
      0.37318374812603
    ],
    "zh_sig": true,
    "en_sig": false,
    "K": 344,
    "n_test": 12,
    "size": 1.7,
    "family": "Qwen",
    "interaction": 2.8687463399171826,
    "inter_ci": [
      2.055027695918213,
      3.682464983916152
    ],
    "inter_sig": true
  },
  "Qwen3-4B": {
    "zh_sel": 3.242221700065666,
    "zh_ci": [
      1.3949226419130962,
      5.195705739657085
    ],
    "en_sel": 0.17006190953652064,
    "en_ci": [
      -0.11183508187532425,
      0.4344207992156347
    ],
    "zh_sig": true,
    "en_sig": false,
    "K": 700,
    "n_test": 12,
    "size": 4.0,
    "family": "Qwen",
    "interaction": 3.412283609602187,
    "inter_ci": [
      1.4923651449452338,
      5.33220207425914
    ],
    "inter_sig": true
  },
  "Qwen3-8B": {
    "zh_sel": 1.917526648660501,
    "zh_ci": [
      1.1032323956489563,
      2.9072745641072593
    ],
    "en_sel": -0.49070904075105987,
    "en_ci": [
      -1.4769422901173432,
      0.28475257704655355
    ],
    "zh_sig": true,
    "en_sig": false,
    "K": 884,
    "n_test": 12,
    "size": 8.0,
    "family": "Qwen",
    "interaction": 1.426817607909441,
    "inter_ci": [
      0.1660502869331082,
      2.687584928885774
    ],
    "inter_sig": true
  },
  "Qwen3-14B": {
    "zh_sel": 0.9921476740638415,
    "zh_ci": [
      0.636331536869208,
      1.3515480622649192
    ],
    "en_sel": 0.10227500380410089,
    "en_ci": [
      -0.19032147179047268,
      0.40612913072109225
    ],
    "zh_sig": true,
    "en_sig": false,
    "K": 1392,
    "n_test": 12,
    "size": 14.0,
    "family": "Qwen",
    "interaction": 1.0944226778679425,
    "inter_ci": [
      0.6287811850229849,
      1.5600641707129
    ],
    "inter_sig": true
  },
  "Llama-3.1-8B": {
    "zh_sel": 9.81899139709605,
    "zh_ci": [
      9.388746972382068,
      10.254545218249161
    ],
    "en_sel": -0.7088247693644628,
    "en_ci": [
      -1.3060423180460936,
      -0.06753742098808287
    ],
    "zh_sig": true,
    "en_sig": false,
    "K": 917,
    "n_test": 12,
    "size": 8.0,
    "family": "Llama",
    "interaction": 9.110166627731587,
    "inter_ci": [
      8.354603760958872,
      9.865729494504302
    ],
    "inter_sig": true
  },
  "Ministral-8B": {
    "zh_sel": 6.785045103695657,
    "zh_ci": [
      6.387167555093765,
      7.1842663908998174
    ],
    "en_sel": 1.1283389537334443,
    "en_ci": [
      0.9126927375793458,
      1.342895296216011
    ],
    "zh_sig": true,
    "en_sig": true,
    "K": 884,
    "n_test": 12,
    "size": 8.0,
    "family": "Mistral",
    "interaction": 7.913384057429101,
    "inter_ci": [
      7.460493122572569,
      8.366274992285634
    ],
    "inter_sig": true
  },
  "Phi-3.5-mini": {
    "zh_sel": 9.090194791048765,
    "zh_ci": [
      8.617816804349422,
      9.543665530532598
    ],
    "en_sel": 0.21316554388403894,
    "en_ci": [
      -2.0215813701351473,
      2.38190216074387
    ],
    "zh_sig": true,
    "en_sig": false,
    "K": 524,
    "n_test": 12,
    "size": 3.8,
    "family": "Phi",
    "interaction": 9.303360334932803,
    "inter_ci": [
      7.053479056370657,
      11.553241613494949
    ],
    "inter_sig": true
  },
  "phi-4": {
    "zh_sel": 4.642930532190535,
    "zh_ci": [
      4.001160907248656,
      5.4014990290005995
    ],
    "en_sel": -0.6543469097779857,
    "en_ci": [
      -1.0589997187256812,
      -0.25674987360835033
    ],
    "zh_sig": true,
    "en_sig": false,
    "K": 1433,
    "n_test": 12,
    "size": 14.0,
    "family": "Phi",
    "interaction": 3.9885836224125493,
    "inter_ci": [
      3.181652449817491,
      4.795514795007607
    ],
    "inter_sig": true
  },
  "Mistral-Small-24B": {
    "zh_sel": 7.49666324220101,
    "zh_ci": [
      7.175952246288459,
      7.861418877045314
    ],
    "en_sel": -1.0079406238330737,
    "en_ci": [
      -1.2975840548674265,
      -0.6996729373931883
    ],
    "zh_sig": true,
    "en_sig": false,
    "K": 2621,
    "n_test": 12,
    "size": 24.0,
    "family": "Mistral",
    "interaction": 6.4887226183679365,
    "inter_ci": [
      6.033925354117026,
      6.943519882618847
    ],
    "inter_sig": true
  },
  "Qwen3-32B": {
    "zh_sel": 2.7582912463148435,
    "zh_ci": [
      1.9175260215997696,
      3.6912252704302473
    ],
    "en_sel": 3.651580593519741,
    "en_ci": [
      2.343351120750109,
      4.8317496269941325
    ],
    "zh_sig": true,
    "en_sig": true,
    "K": 3276,
    "n_test": 12,
    "size": 32.0,
    "family": "Qwen",
    "interaction": 6.409871839834585,
    "inter_ci": [
      4.881953635939225,
      7.937790043729945
    ],
    "inter_sig": true
  },
  "Qwen2.5-72B": {
    "zh_sel": 2.2904667678342925,
    "zh_ci": [
      1.4940297077099485,
      3.08910764331619
    ],
    "en_sel": 0.49017350139551696,
    "en_ci": [
      0.13032622933387755,
      0.8750163125495116
    ],
    "zh_sig": true,
    "en_sig": true,
    "K": 4730,
    "n_test": 12,
    "size": 72.0,
    "family": "Qwen",
    "interaction": 2.7806402692298096,
    "inter_ci": [
      1.9004645849630863,
      3.6608159534965328
    ],
    "inter_sig": true
  },
  "Llama-3.1-70B": {
    "zh_sel": 8.812066055066055,
    "zh_ci": [
      8.439370069901148,
      9.179399762054285
    ],
    "en_sel": -4.231820109287898,
    "en_ci": [
      -4.671252064406871,
      -3.8260112598538405
    ],
    "zh_sig": true,
    "en_sig": false,
    "K": 4587,
    "n_test": 12,
    "size": 70.0,
    "family": "Llama",
    "interaction": 4.580245945778157,
    "inter_ci": [
      4.018535174350877,
      5.141956717205437
    ],
    "inter_sig": true
  },
  "Llama-3.2-1B": {
    "zh_sel": 5.9980370516909485,
    "zh_ci": [
      5.229048441847165,
      6.8326320012410475
    ],
    "en_sel": -0.9791458652681774,
    "en_ci": [
      -1.7215120385090508,
      -0.20051486293474804
    ],
    "zh_sig": true,
    "en_sig": false,
    "K": 262,
    "n_test": 12,
    "size": 1.0,
    "family": "Llama",
    "interaction": 5.018891186422771,
    "inter_ci": [
      3.9137992626373155,
      6.123983110208227
    ],
    "inter_sig": true
  },
  "Llama-3.2-3B": {
    "zh_sel": 8.200776329961089,
    "zh_ci": [
      7.823652142286301,
      8.592871853212515
    ],
    "en_sel": -1.4946753568847975,
    "en_ci": [
      -1.9535623783866567,
      -1.0307958220442137
    ],
    "zh_sig": true,
    "en_sig": false,
    "K": 458,
    "n_test": 12,
    "size": 3.0,
    "family": "Llama",
    "interaction": 6.706100973076292,
    "inter_ci": [
      6.10543528378201,
      7.306766662370573
    ],
    "inter_sig": true
  },
  "Gemma-2-9B": {
    "zh_sel": 4.604121460417907,
    "zh_ci": [
      4.1596393903096525,
      5.032368003328641
    ],
    "en_sel": 0.16320800842179192,
    "en_ci": [
      -0.06604124059279759,
      0.3953240280350051
    ],
    "zh_sig": true,
    "en_sig": false,
    "K": 1204,
    "n_test": 12,
    "size": 9.0,
    "family": "Gemma",
    "interaction": 4.767329468839699,
    "inter_ci": [
      4.273742307570776,
      5.260916630108621
    ],
    "inter_sig": true
  },
  "Gemma-2-27B": {
    "zh_sel": 7.051807545582453,
    "zh_ci": [
      5.8903336351116495,
      8.189360844592253
    ],
    "en_sel": 0.31783424768182966,