{
  "Qwen3-0.6B": {
    "size": 0.6,
    "naive_gain": 3.111044565836588
  },
  "Qwen3-1.7B": {
    "size": 1.7,
    "naive_gain": 4.322292685508727
  },
  "Qwen3-4B": {
    "size": 4.0,
    "naive_gain": 4.277198076248168
  },
  "Qwen3-8B": {
    "size": 8.0,
    "naive_gain": 4.457032124201456
  },
  "Qwen3-14B": {
    "size": 14.0,
    "naive_gain": 5.291133066018423
  }
}