{
  "Qwen3-0.6B": {
    "size": 0.6,
    "resid_norm": 1593.6238606770833,
    "dir_norm": 195.8533147176107,
    "ratio": 0.12289808125387784
  },
  "Qwen3-1.7B": {
    "size": 1.7,
    "resid_norm": 4029.2666829427085,
    "dir_norm": 558.459342956543,
    "ratio": 0.13860073976257173
  },
  "Qwen3-4B": {
    "size": 4.0,
    "resid_norm": 1476.312235514323,
    "dir_norm": 395.78823471069336,
    "ratio": 0.26809249777219873
  },
  "Qwen3-8B": {
    "size": 8.0,
    "resid_norm": 2737.2266845703125,
    "dir_norm": 409.16125361124676,
    "ratio": 0.1494802224155127
  },
  "Qwen3-14B": {
    "size": 14.0,
    "resid_norm": 3305.3500162760415,
    "dir_norm": 537.0378189086914,
    "ratio": 0.16247532523461547
  }
}