{
  "steering_dose": {
    "Qwen3-0.6B": {
      "size": 0.6,
      "eff": [
        0.0,
        3.5971139698505,
        3.1964575788344685,
        2.6804955602254936,
        2.2780622013421277,
        2.6806595128608746,
        1.7521463580603378
      ]
    },
    "Qwen3-1.7B": {
      "size": 1.7,
      "eff": [
        0.0,
        3.7085468155574355,
        5.283017562391877,
        9.05897396658094,
        7.6839784329589955,
        7.443263483138491,
        5.552025959649389
      ]
    },
    "Qwen3-4B": {
      "size": 4.0,
      "eff": [
        0.0,
        3.599527609926439,
        4.708727233547822,
        2.15848489318476,
        2.0052295807104166,
        2.484703339454349,
        2.5443700893401204
      ]
    },
    "Qwen3-8B": {
      "size": 8.0,
      "eff": [
        0.0,
        4.322591716806386,
        4.8066405161997965,
        2.175049487827778,
        2.56243477798482,
        3.6938944809308594,
        3.6723086429290475
      ]
    },
    "Llama-3.1-8B": {
      "size": 8.0,
      "eff": [
        0.0,
        7.536957574309256,
        7.111816821544622,
        5.3647370769166445,
        5.982642418790675,
        6.402433074826493,
        6.421094450710302
      ]
    },
    "Ministral-8B": {
      "size": 8.0,
      "eff": [
        0.0,
        4.275964898265756,
        5.728645515686939,
        4.309172274414809,
        3.978252549456949,
        3.928476810278871,
        3.502016973591521
      ]
    },
    "Qwen3-14B": {
      "size": 14.0,
      "eff": [
        0.0,
        4.577836769162948,
        3.990812305343315,
        -0.1377853170324527,
        4.635552478949717,
        7.2994949798463225,
        5.720780001205958
      ]
    }
  },
  "steering_dose_naive": {
    "Qwen3-0.6B": {
      "size": 0.6,
      "eff": [
        0.0,
        0.9501333236694336,
        2.0641300678253174,
        3.471368193626404,
        3.2108932733535767
      ]
    },
    "Qwen3-1.7B": {
      "size": 1.7,
      "eff": [
        0.0,
        0.8283658027648926,
        2.181758999824524,
        4.443757772445679,
        4.483415186405182
      ]
    },
    "Qwen3-4B": {
      "size": 4.0,
      "eff": [
        0.0,
        0.6957653760910034,
        2.059097409248352,
        4.1062217354774475,
        3.9816079139709473
      ]
    },
    "Qwen3-8B": {
      "size": 8.0,
      "eff": [
        0.0,
        1.2065224647521973,
        2.7361927032470703,
        4.130468487739563,
        3.8982604146003723
      ]
    },
    "Llama-3.1-8B": {
      "size": 8.0,
      "eff": [
        0.0,
        1.4049453735351562,
        2.8632582426071167,
        3.8370405435562134,
        1.9097697734832764
      ]
    },
    "Ministral-8B": {
      "size": 8.0,
      "eff": [
        0.0,
        1.6935240030288696,
        3.198256015777588,
        4.578084945678711,
        4.671096503734589
      ]
    },
    "Qwen3-14B": {
      "size": 14.0,
      "eff": [
        0.0,
        1.6686933040618896,
        3.5954079031944275,
        5.045596271753311,
        3.5513328909873962
      ]
    }
  },
  "layer_sweep": {
    "Qwen3-1.7B": [
      [
        0.4,
        2.11827080438881
      ],
      [
        0.5,
        2.900685212262545
      ],
      [
        0.6,
        5.321355225806841
      ],
      [
        0.67,
        9.05897396658094
      ],
      [
        0.8,
        11.33315008868738
      ],
      [
        0.9,
        8.904902337236072
      ]
    ],
    "Qwen3-8B": [
      [
        0.4,
        0.9567847704222178
      ],
      [
        0.5,
        1.1100282284315313
      ],
      [
        0.6,
        1.4750555517252792
      ],
      [
        0.67,
        2.175049487827778
      ],
      [
        0.8,
        4.450525804928545
      ],
      [
        0.9,
        5.375117349792457
      ]
    ],
    "Llama-3.1-8B": [
      [
        0.4,
        2.0427770600434005
      ],
      [
        0.5,
        2.6649267836514894
      ],
      [
        0.6,
        4.603927817932713
      ],
      [
        0.67,
        5.3647370769166445
      ],
      [
        0.8,
        6.3436282428165685
      ],
      [
        0.9,
        6.587374543674486
      ]
    ],
    "Qwen3-14B": [
      [
        0.4,
        -0.21483895795078442
      ],
      [
        0.5,
        -0.6443420787280468
      ],
      [
        0.6,
        -0.8591234237810577
      ],
      [
        0.67,
        -0.1377853170324527
      ],
      [
        0.8,
        7.248711014901988
      ],
      [
        0.9,
        9.481391268674559
      ]
    ]
  },
  "lesion_frac": {
    "Qwen3-0.6B": [
      {
        "kfrac": 0.0005,
        "K": 43,
        "zh_sel": 0.1597349166870119,
        "en_sel": 0.619161367416381
      },
      {
        "kfrac": 0.001,
        "K": 86,
        "zh_sel": 0.2653429031372072,
        "en_sel": 0.6313239574432377
      },
      {
        "kfrac": 0.002,
        "K": 172,
        "zh_sel": 1.7175311565399172,
        "en_sel": 0.6043099403381351
      },
      {
        "kfrac": 0.005,
        "K": 430,
        "zh_sel": 3.454762268066406,
        "en_sel": 0.7238901615142819
      },
      {
        "kfrac": 0.01,
        "K": 860,
        "zh_sel": 5.393832492828369,
        "en_sel": 1.1805205821990965
      }
    ],
    "Qwen3-1.7B": [
      {
        "kfrac": 0.0005,
        "K": 86,
        "zh_sel": 0.39236474037170455,
        "en_sel": 0.17061281204223633
      },
      {
        "kfrac": 0.001,
        "K": 172,
        "zh_sel": 0.5978821277618409,
        "en_sel": 1.2454035758972157
      },
      {
        "kfrac": 0.002,
        "K": 344,
        "zh_sel": 2.0044570446014407,
        "en_sel": 2.087451457977295
      },
      {
        "kfrac": 0.005,
        "K": 860,
        "zh_sel": 5.031732130050659,
        "en_sel": 1.8525794029235847
      },
      {
        "kfrac": 0.01,
        "K": 1720,
        "zh_sel": 7.567232322692871,
        "en_sel": 2.2837233543395996
      }
    ],
    "Qwen3-4B": [
      {
        "kfrac": 0.0005,
        "K": 175,
        "zh_sel": 1.1817420005798338,
        "en_sel": 0.44032907485961914
      },
      {
        "kfrac": 0.001,
        "K": 350,
        "zh_sel": 1.6549616336822508,
        "en_sel": 0.4221352577209476
      },
      {
        "kfrac": 0.002,
        "K": 700,
        "zh_sel": 2.3533742904663084,
        "en_sel": 0.5023314476013185
      },
      {
        "kfrac": 0.005,
        "K": 1751,
        "zh_sel": 4.740306091308594,
        "en_sel": 0.5621797561645505
      },
      {
        "kfrac": 0.01,
        "K": 3502,
        "zh_sel": 8.318016767501831,
        "en_sel": 0.4543026447296139
      }
    ],
    "Qwen3-8B": [
      {
        "kfrac": 0.0005,
        "K": 221,
        "zh_sel": 0.39543132781982404,
        "en_sel": 0.3023306369781493
      },
      {
        "kfrac": 0.001,
        "K": 442,
        "zh_sel": 0.82924861907959,
        "en_sel": 0.5185484886169434
      },
      {
        "kfrac": 0.002,
        "K": 884,
        "zh_sel": 3.0497085571289055,
        "en_sel": 0.5090098857879641
      },
      {
        "kfrac": 0.005,
        "K": 2211,
        "zh_sel": 6.542257976531982,
        "en_sel": 0.6322134494781491
      },
      {
        "kfrac": 0.01,
        "K": 4423,
        "zh_sel": 8.388435220718382,
        "en_sel": 2.7026633739471437
      }
    ]
  },
  "coefs": [
    0,
    0.25,
    0.5,
    1,
    2,
    4,
    8
  ],
  "rawcoefs": [
    0,
    0.5,
    1,
    2,
    4
  ]
}